"PR","URL","Title","Content type","Is rendered page","HTTP status code","Organic traffic","Depth","No. of inlinks dofollow","No. of inlinks nofollow","No. of href inlinks"
"20","https://openlymarket.xyz/category/collectibles/collectibles-elite-edition","OpenlyMarket | Secure Crypto Marketplace for Buyers and Sellers","text/html; charset=utf-8","false","200","0","1","1","0","1"
"20","https://openlymarket.xyz/category/collectibles/collectibles-gold-edition","OpenlyMarket | Secure Crypto Marketplace for Buyers and Sellers","text/html; charset=utf-8","false","200","0","1","1","0","1"
"20","https://openlymarket.xyz/category/collectibles/collectibles-prime-edition","OpenlyMarket | Secure Crypto Marketplace for Buyers and Sellers","text/html; charset=utf-8","false","200","0","1","1","0","1"
"20","https://openlymarket.xyz/category/collectibles/collectibles-pro-edition","OpenlyMarket | Secure Crypto Marketplace for Buyers and Sellers","text/html; charset=utf-8","false","200","0","1","1","0","1"
"20","https://openlymarket.xyz/category/collectibles/common-collectibles-key","OpenlyMarket | Secure Crypto Marketplace for Buyers and Sellers","text/html; charset=utf-8","false","200","0","1","1","0","1"
"20","https://openlymarket.xyz/category/collectibles/elite-collectibles-coins","OpenlyMarket | Secure Crypto Marketplace for Buyers and Sellers","text/html; charset=utf-8","false","200","0","1","1","0","1"
"20","https://openlymarket.xyz/category/collectibles/epic-collectibles-bundle","OpenlyMarket | Secure Crypto Marketplace for Buyers and Sellers","text/html; charset=utf-8","false","200","0","1","1","0","1"
"20","https://openlymarket.xyz/category/collectibles/legendary-collectibles-pack","OpenlyMarket | Secure Crypto Marketplace for Buyers and Sellers","text/html; charset=utf-8","false","200","0","1","1","0","1"
"20","https://openlymarket.xyz/category/collectibles/master-collectibles-items","OpenlyMarket | Secure Crypto Marketplace for Buyers and Sellers","text/html; charset=utf-8","false","200","0","1","1","0","1"
"20","https://openlymarket.xyz/category/collectibles/pro-collectibles-boost","OpenlyMarket | Secure Crypto Marketplace for Buyers and Sellers","text/html; charset=utf-8","false","200","0","1","1","0","1"
"20","https://openlymarket.xyz/category/collectibles/rare-collectibles-account","OpenlyMarket | Secure Crypto Marketplace for Buyers and Sellers","text/html; charset=utf-8","false","200","0","1","1","0","1"
"20","https://openlymarket.xyz/category/collectibles/starter-collectibles-service","OpenlyMarket | Secure Crypto Marketplace for Buyers and Sellers","text/html; charset=utf-8","false","200","0","1","1","0","1"
"20","https://openlymarket.xyz/category/electronics/common-electronics-key","OpenlyMarket | Secure Crypto Marketplace for Buyers and Sellers","text/html; charset=utf-8","false","200","0","1","1","0","1"
"20","https://openlymarket.xyz/category/electronics/electronics-elite-edition","OpenlyMarket | Secure Crypto Marketplace for Buyers and Sellers","text/html; charset=utf-8","false","200","0","1","1","0","1"
"20","https://openlymarket.xyz/category/electronics/electronics-gold-edition","OpenlyMarket | Secure Crypto Marketplace for Buyers and Sellers","text/html; charset=utf-8","false","200","0","1","1","0","1"
"20","https://openlymarket.xyz/category/electronics/electronics-prime-edition","OpenlyMarket | Secure Crypto Marketplace for Buyers and Sellers","text/html; charset=utf-8","false","200","0","1","1","0","1"
"20","https://openlymarket.xyz/category/electronics/electronics-pro-edition","OpenlyMarket | Secure Crypto Marketplace for Buyers and Sellers","text/html; charset=utf-8","false","200","0","1","1","0","1"
"20","https://openlymarket.xyz/category/electronics/elite-electronics-coins","OpenlyMarket | Secure Crypto Marketplace for Buyers and Sellers","text/html; charset=utf-8","false","200","0","1","1","0","1"
"20","https://openlymarket.xyz/category/electronics/epic-electronics-bundle","OpenlyMarket | Secure Crypto Marketplace for Buyers and Sellers","text/html; charset=utf-8","false","200","0","1","1","0","1"
"20","https://openlymarket.xyz/category/electronics/legendary-electronics-pack","OpenlyMarket | Secure Crypto Marketplace for Buyers and Sellers","text/html; charset=utf-8","false","200","0","1","1","0","1"
"20","https://openlymarket.xyz/category/electronics/master-electronics-items","OpenlyMarket | Secure Crypto Marketplace for Buyers and Sellers","text/html; charset=utf-8","false","200","0","1","1","0","1"
"20","https://openlymarket.xyz/category/electronics/pro-electronics-boost","OpenlyMarket | Secure Crypto Marketplace for Buyers and Sellers","text/html; charset=utf-8","false","200","0","1","1","0","1"
"20","https://openlymarket.xyz/category/electronics/rare-electronics-account","OpenlyMarket | Secure Crypto Marketplace for Buyers and Sellers","text/html; charset=utf-8","false","200","0","1","1","0","1"
"20","https://openlymarket.xyz/category/electronics/starter-electronics-service","OpenlyMarket | Secure Crypto Marketplace for Buyers and Sellers","text/html; charset=utf-8","false","200","0","1","1","0","1"
"20","https://openlymarket.xyz/category/fashion/common-fashion-key","OpenlyMarket | Secure Crypto Marketplace for Buyers and Sellers","text/html; charset=utf-8","false","200","0","1","1","0","1"
"20","https://openlymarket.xyz/category/fashion/elite-fashion-coins","OpenlyMarket | Secure Crypto Marketplace for Buyers and Sellers","text/html; charset=utf-8","false","200","0","1","1","0","1"
"20","https://openlymarket.xyz/category/fashion/epic-fashion-bundle","OpenlyMarket | Secure Crypto Marketplace for Buyers and Sellers","text/html; charset=utf-8","false","200","0","1","1","0","1"
"20","https://openlymarket.xyz/category/fashion/fashion-elite-edition","OpenlyMarket | Secure Crypto Marketplace for Buyers and Sellers","text/html; charset=utf-8","false","200","0","1","1","0","1"
"20","https://openlymarket.xyz/category/fashion/fashion-gold-edition","OpenlyMarket | Secure Crypto Marketplace for Buyers and Sellers","text/html; charset=utf-8","false","200","0","1","1","0","1"
"20","https://openlymarket.xyz/category/fashion/fashion-prime-edition","OpenlyMarket | Secure Crypto Marketplace for Buyers and Sellers","text/html; charset=utf-8","false","200","0","1","1","0","1"
"20","https://openlymarket.xyz/category/fashion/fashion-pro-edition","OpenlyMarket | Secure Crypto Marketplace for Buyers and Sellers","text/html; charset=utf-8","false","200","0","1","1","0","1"
"20","https://openlymarket.xyz/category/fashion/legendary-fashion-pack","OpenlyMarket | Secure Crypto Marketplace for Buyers and Sellers","text/html; charset=utf-8","false","200","0","1","1","0","1"
"20","https://openlymarket.xyz/category/fashion/master-fashion-items","OpenlyMarket | Secure Crypto Marketplace for Buyers and Sellers","text/html; charset=utf-8","false","200","0","1","1","0","1"
"20","https://openlymarket.xyz/category/fashion/pro-fashion-boost","OpenlyMarket | Secure Crypto Marketplace for Buyers and Sellers","text/html; charset=utf-8","false","200","0","1","1","0","1"
"20","https://openlymarket.xyz/category/fashion/rare-fashion-account","OpenlyMarket | Secure Crypto Marketplace for Buyers and Sellers","text/html; charset=utf-8","false","200","0","1","1","0","1"
"20","https://openlymarket.xyz/category/fashion/starter-fashion-service","OpenlyMarket | Secure Crypto Marketplace for Buyers and Sellers","text/html; charset=utf-8","false","200","0","1","1","0","1"
"20","https://openlymarket.xyz/category/home-garden/common-home-garden-key","OpenlyMarket | Secure Crypto Marketplace for Buyers and Sellers","text/html; charset=utf-8","false","200","0","1","1","0","1"
"20","https://openlymarket.xyz/category/home-garden/elite-home-garden-coins","OpenlyMarket | Secure Crypto Marketplace for Buyers and Sellers","text/html; charset=utf-8","false","200","0","1","1","0","1"
"20","https://openlymarket.xyz/category/home-garden/epic-home-garden-bundle","OpenlyMarket | Secure Crypto Marketplace for Buyers and Sellers","text/html; charset=utf-8","false","200","0","1","1","0","1"
"20","https://openlymarket.xyz/category/home-garden/home-garden-elite-edition","OpenlyMarket | Secure Crypto Marketplace for Buyers and Sellers","text/html; charset=utf-8","false","200","0","1","1","0","1"
"20","https://openlymarket.xyz/category/home-garden/home-garden-gold-edition","OpenlyMarket | Secure Crypto Marketplace for Buyers and Sellers","text/html; charset=utf-8","false","200","0","1","1","0","1"
"20","https://openlymarket.xyz/category/home-garden/home-garden-prime-edition","OpenlyMarket | Secure Crypto Marketplace for Buyers and Sellers","text/html; charset=utf-8","false","200","0","1","1","0","1"
"20","https://openlymarket.xyz/category/home-garden/home-garden-pro-edition","OpenlyMarket | Secure Crypto Marketplace for Buyers and Sellers","text/html; charset=utf-8","false","200","0","1","1","0","1"
"20","https://openlymarket.xyz/category/home-garden/legendary-home-garden-pack","OpenlyMarket | Secure Crypto Marketplace for Buyers and Sellers","text/html; charset=utf-8","false","200","0","1","1","0","1"
"20","https://openlymarket.xyz/category/home-garden/master-home-garden-items","OpenlyMarket | Secure Crypto Marketplace for Buyers and Sellers","text/html; charset=utf-8","false","200","0","1","1","0","1"
"20","https://openlymarket.xyz/category/home-garden/pro-home-garden-boost","OpenlyMarket | Secure Crypto Marketplace for Buyers and Sellers","text/html; charset=utf-8","false","200","0","1","1","0","1"
"20","https://openlymarket.xyz/category/home-garden/rare-home-garden-account","OpenlyMarket | Secure Crypto Marketplace for Buyers and Sellers","text/html; charset=utf-8","false","200","0","1","1","0","1"
"20","https://openlymarket.xyz/category/home-garden/starter-home-garden-service","OpenlyMarket | Secure Crypto Marketplace for Buyers and Sellers","text/html; charset=utf-8","false","200","0","1","1","0","1"
"20","https://openlymarket.xyz/category/services/common-services-key","OpenlyMarket | Secure Crypto Marketplace for Buyers and Sellers","text/html; charset=utf-8","false","200","0","1","1","0","1"
"20","https://openlymarket.xyz/category/services/elite-services-coins","OpenlyMarket | Secure Crypto Marketplace for Buyers and Sellers","text/html; charset=utf-8","false","200","0","1","1","0","1"
"20","https://openlymarket.xyz/category/services/epic-services-bundle","OpenlyMarket | Secure Crypto Marketplace for Buyers and Sellers","text/html; charset=utf-8","false","200","0","1","1","0","1"
"20","https://openlymarket.xyz/category/services/legendary-services-pack","OpenlyMarket | Secure Crypto Marketplace for Buyers and Sellers","text/html; charset=utf-8","false","200","0","1","1","0","1"
"20","https://openlymarket.xyz/category/services/master-services-items","OpenlyMarket | Secure Crypto Marketplace for Buyers and Sellers","text/html; charset=utf-8","false","200","0","1","1","0","1"
"20","https://openlymarket.xyz/category/services/pro-services-boost","OpenlyMarket | Secure Crypto Marketplace for Buyers and Sellers","text/html; charset=utf-8","false","200","0","1","1","0","1"
"20","https://openlymarket.xyz/category/services/rare-services-account","OpenlyMarket | Secure Crypto Marketplace for Buyers and Sellers","text/html; charset=utf-8","false","200","0","1","1","0","1"
"20","https://openlymarket.xyz/category/services/services-elite-edition","OpenlyMarket | Secure Crypto Marketplace for Buyers and Sellers","text/html; charset=utf-8","false","200","0","1","1","0","1"
"20","https://openlymarket.xyz/category/services/services-gold-edition","OpenlyMarket | Secure Crypto Marketplace for Buyers and Sellers","text/html; charset=utf-8","false","200","0","1","1","0","1"
"20","https://openlymarket.xyz/category/services/services-prime-edition","OpenlyMarket | Secure Crypto Marketplace for Buyers and Sellers","text/html; charset=utf-8","false","200","0","1","1","0","1"
"20","https://openlymarket.xyz/category/services/services-pro-edition","OpenlyMarket | Secure Crypto Marketplace for Buyers and Sellers","text/html; charset=utf-8","false","200","0","1","1","0","1"
"20","https://openlymarket.xyz/category/services/starter-services-service","OpenlyMarket | Secure Crypto Marketplace for Buyers and Sellers","text/html; charset=utf-8","false","200","0","1","1","0","1"
