"PR","URL","Title","Content type","Is rendered page","HTTP status code","Organic traffic","Is valid Open graph","Open graph attributes","Open graph values","Depth","Is indexable page","No. of all inlinks"
"40","https://openlymarket.xyz/requests","Buyer Requests Marketplace for Products and Services | OpenlyMarket","text/html; charset=utf-8","false","200","0","false","og:type
og:image:alt
og:image
og:site_name
og:description
og:title","website
OpenlyMarket
https://openlymarket.xyz/logowhite.svg
OpenlyMarket
Browse and post buyer requests on OpenlyMarket to connect with qualified sellers, receive offers, and complete transactions through secure workflows.
Buyer Requests Marketplace for Products and Services","0","true","92"
"40","https://openlymarket.xyz/requests/new","Buyer Requests Marketplace for Products and Services | OpenlyMarket","text/html; charset=utf-8","false","200","0","false","og:type
og:image:alt
og:image
og:site_name
og:description
og:title","website
OpenlyMarket
https://openlymarket.xyz/logowhite.svg
OpenlyMarket
Browse and post buyer requests on OpenlyMarket to connect with qualified sellers, receive offers, and complete transactions through secure workflows.
Buyer Requests Marketplace for Products and Services","1","true","92"
